{
  "accuracy@0.5": 0.9426354800565281,
  "roc_auc": 0.9569726650911786,
  "pr_auc": 0.9914056094568282,
  "best_threshold": 0.47000000000000003,
  "profit_at_best_threshold": 203784492.5,
  "confusion_counts_at_best_threshold": {
    "S": 7227,
    "L": 1063,
    "M": 2719,
    "E": 58337
  }
}